Company Name,Description,Website,LinkedIn
Waves Audio,Professional audio plugins and processing tools,https://www.waves.com,https://www.linkedin.com/company/waves-audio/
Softube,Analog modeled plugins and software instruments,https://www.softube.com,https://www.linkedin.com/company/softube/
Universal Audio,UAD plugins and professional audio interfaces,https://www.uaudio.com,https://www.linkedin.com/company/universal-audio/
FabFilter,Professional mixing and mastering plugins,https://www.fabfilter.com,https://www.linkedin.com/company/fabfilter/
Plugin Alliance,Subscription platform for professional audio plugins,https://www.plugin-alliance.com,https://www.linkedin.com/company/plugin-alliance/
Slate Digital,All Access Pass subscription for mixing plugins,https://www.slatedigital.com,https://www.linkedin.com/company/slate-digital/
iZotope,Audio repair and mastering software (Native Instruments),https://www.izotope.com,https://www.linkedin.com/company/izotope/
Soundtoys,Creative audio effects and processing plugins,https://www.soundtoys.com,https://www.linkedin.com/company/soundtoys/
Eventide,Effects processors and professional audio plugins,https://www.eventideaudio.com,https://www.linkedin.com/company/eventide/
Antares,Auto-Tune and vocal processing software,https://www.antarestech.com,https://www.linkedin.com/company/antares-audio-technologies/
McDSP,Professional mixing and mastering plugins,https://www.mcdsp.com,https://www.linkedin.com/company/mcdsp/
Acustica Audio,Analog modeling plugins and processing tools,https://www.acustica-audio.com,https://www.linkedin.com/company/acustica-audio/
Native Instruments,Komplete ecosystem and software instruments,https://www.native-instruments.com,https://www.linkedin.com/company/native-instruments/
Arturia,V Collection software instruments and synthesizers,https://www.arturia.com,https://www.linkedin.com/company/arturia/
Output,Arcade subscription and creative software instruments,https://output.com,https://www.linkedin.com/company/output-sounds/
Spectrasonics,Omnisphere and flagship software instruments,https://www.spectrasonics.net,https://www.linkedin.com/company/spectrasonics/
Spitfire Audio,Orchestral and cinematic sample libraries,https://www.spitfireaudio.com,https://www.linkedin.com/company/spitfire-audio/
Splice,Sample marketplace and rent-to-own plugin platform,https://splice.com,https://www.linkedin.com/company/splice/
Loopcloud,Sample browser and marketplace by Loopmasters,https://www.loopcloud.com,https://www.linkedin.com/company/loopmasters/
ADSR Sounds,Sample marketplace and audio production tutorials,https://www.adsrsounds.com,https://www.linkedin.com/company/adsr-samples/
Avid,Pro Tools DAW and professional audio solutions,https://www.avid.com,https://www.linkedin.com/company/avid-technology/
Steinberg,Cubase and Nuendo DAW for music and post-production,https://www.steinberg.net,https://www.linkedin.com/company/steinberg/
PreSonus,Studio One DAW and recording solutions,https://www.presonus.com,https://www.linkedin.com/company/presonus/
Ableton,Ableton Live DAW for electronic music and performance,https://www.ableton.com,https://www.linkedin.com/company/ableton/
FL Studio,Image-Line FL Studio DAW and production tools,https://www.image-line.com,https://www.linkedin.com/company/image-line-software/
LANDR,AI mastering and music distribution platform,https://www.landr.com,https://www.linkedin.com/company/landr/
eMastered,AI-powered online mastering service,https://www.emastered.com,https://www.linkedin.com/company/emastered/
CloudBounce,Online mastering platform for music producers,https://www.cloudbounce.com,https://www.linkedin.com/company/cloudbounce/
DistroKid,Music distribution platform for independent artists,https://distrokid.com,https://www.linkedin.com/company/distrokid/
TuneCore,Music distribution and publishing services,https://www.tunecore.com,https://www.linkedin.com/company/tunecore/
Audiokinetic,Wwise interactive audio middleware for games,https://www.audiokinetic.com,https://www.linkedin.com/company/audiokinetic/
FMOD,Audio engine and middleware for interactive media,https://www.fmod.com,https://www.linkedin.com/company/firelight-technologies/
Fabric,Unity audio middleware and tools,https://www.tazman-audio.co.uk,https://www.linkedin.com/company/tazman-audio/
Master Audio,Unity audio toolkit and middleware,https://www.dark-rift-games.com/master-audio,https://www.linkedin.com/company/dark-rift-games/
ElevenLabs,AI voice synthesis and cloning platform,https://elevenlabs.io,https://www.linkedin.com/company/elevenlabs/
Resemble AI,Voice cloning for games and media production,https://www.resemble.ai,https://www.linkedin.com/company/resemble-ai/
Respeecher,Voice synthesis and replacement technology,https://www.respeecher.com,https://www.linkedin.com/company/respeecher/
WellSaid Labs,AI voiceover and text-to-speech platform,https://wellsaidlabs.com,https://www.linkedin.com/company/wellsaid-labs/
Photon Engine,Multiplayer networking for game developers,https://www.photonengine.com,https://www.linkedin.com/company/exit-games/
PlayFab,Microsoft game backend services platform,https://playfab.com,https://www.linkedin.com/company/playfab/
Pragma Engine,Game platform backend infrastructure,https://pragma.gg,https://www.linkedin.com/company/pragma-platform/
Beamable,Live game operations and backend platform,https://beamable.com,https://www.linkedin.com/company/beamable/
Coherence,Multiplayer engine and networking solution,https://coherence.io,https://www.linkedin.com/company/coherence-io/
GameAnalytics,Player analytics platform for game developers,https://gameanalytics.com,https://www.linkedin.com/company/gameanalytics/
DeltaDNA,Game analytics and player engagement platform,https://deltadna.com,https://www.linkedin.com/company/deltadna/
Xsolla,Payment processing and commerce for games,https://xsolla.com,https://www.linkedin.com/company/xsolla/
Tilia,Virtual economy platform for games and metaverse,https://www.tilia.io,https://www.linkedin.com/company/tilia-llc/